{"cameraMode":{"drawMode":0,"name":"Shaded","section":"Shading Mode"},"sceneLighting":true,"audioPlay":false,"sceneViewState":{"showFog":false,"showMaterialUpdate":false,"showSkybox":false,"showFlares":false,"showImageEffects":false,"showParticleSystems":false},"in2DMode":false,"pivot":{"x":-0.4822918176651001,"y":-26.85232925415039,"z":-35.462196350097659},"rotation":{"x":-0.006117602810263634,"y":0.9476996660232544,"z":-0.3185972273349762,"w":-0.01819690130650997},"size":68.31269836425781,"orthographic":false}